{"reward0": 11.5, "reward1": -5.0, "episode": 1999, "_timestamp": 1668558701.2697692, "_runtime": 20.744787216186523, "_step": 3999, "paretoreward0": 0.699999988079071, "paretoreward1": -7.0, "paretoepisode": 1999, "_wandb": {"runtime": 19}}