{"reward0": 11.5, "reward1": -7.0, "episode": 1265, "_timestamp": 1668565149.4179418, "_runtime": 2463.239189863205, "_step": 1265}