{"reward0": 15.100000381469727, "reward1": -8.0, "episode": 3499, "_timestamp": 1668562477.9287744, "_runtime": 49.49279427528381, "_step": 7000, "paretoreward0": 0.699999988079071, "paretoreward1": -9.0, "paretoepisode": 3499, "my_custom_plot_id_table": {"_type": "table-file", "sha256": "ad50cddd985d0e3327fc9a5191bc57730b2250cf71264ba1941718f0c1f500fb", "size": 93049, "artifact_path": "wandb-client-artifact://14rnljzg6r7rivinlso6loo33tx5wf9jxtpuvqgj9gctsfqmy7ccc5akg0qnnzgcy6eyfe77409h0bswpsn4ijpu2td1v0q9bchzuya3689yr59xn51ty7jy4f8fim0m:latest/my_custom_plot_id_table.table.json", "_latest_artifact_path": "wandb-client-artifact://14rnljzg6r7rivinlso6loo33tx5wf9jxtpuvqgj9gctsfqmy7ccc5akg0qnnzgcy6eyfe77409h0bswpsn4ijpu2td1v0q9bchzuya3689yr59xn51ty7jy4f8fim0m:latest/my_custom_plot_id_table.table.json", "path": "media/table/my_custom_plot_id_table_7000_ad50cddd985d0e3327fc.table.json", "ncols": 2, "nrows": 3500}, "_wandb": {"runtime": 48}}