{"reward0": 0.699999988079071, "reward1": -1.0, "episode": 59, "_timestamp": 1668550621.3160336, "_runtime": 3.377800703048706, "_step": 59, "_wandb": {"runtime": 0}}