{"reward0": 11.5, "reward1": -5.0, "episode": 1999, "_timestamp": 1668550579.1325164, "_runtime": 13.316420316696167, "_step": 1999, "_wandb": {"runtime": 12}}