{"reward0": 11.5, "reward1": -5.0, "episode": 2999, "_timestamp": 1668561554.339392, "_runtime": 81.40367603302002, "_step": 5999, "paretoreward0": 0.699999988079071, "paretoreward1": -1.0, "paretoepisode": 2999, "_wandb": {"runtime": 80}}