{"reward0": 0.699999988079071, "reward1": -1.0, "episode": 0, "_timestamp": 1668551429.9871652, "_runtime": 1.463719129562378, "_step": 0, "_wandb": {"runtime": 0}}