{"reward0": 11.5, "reward1": -10.0, "episode": 30, "_timestamp": 1668562659.2803094, "_runtime": 69.96620750427246, "_step": 30, "_wandb": {"runtime": 72}}