{"reward0": 0.699999988079071, "reward1": -1.0, "episode": 11, "_timestamp": 1668708852.3140361, "_runtime": 15.128130197525024, "_step": 11, "_wandb": {"runtime": 14}}