{"reward0": 11.5, "reward1": -5.0, "episode": 1999, "_timestamp": 1668558411.4750838, "_runtime": 6.9704859256744385, "_step": 1999, "_wandb": {"runtime": 5}}