{"reward0": 11.5, "reward1": -5.0, "episode": 1999, "_timestamp": 1668550662.020555, "_runtime": 6.6319990158081055, "_step": 1999, "_wandb": {"runtime": 5}}