{"reward0": 16.0, "reward1": -12.0, "episode": 1999, "_timestamp": 1668710198.3113537, "_runtime": 28.026057720184326, "_step": 3999, "paretoreward0": 1.0, "paretoreward1": -1.0, "paretoepisode": 1999, "_wandb": {"runtime": 27}}